"major_code	""chapter""	""chapter_start""	""chapter_end""	""sub_chapter""	""sub_chapter_start""	""sub_chapter_end""	""major""	""code""	""long_desc""",,,,
"242	""Endocrine", Nutritional And Metabolic Diseases," And Immunity Disorders""	""240""	""279""	""Disorders Of Thyroid Gland""	""240""	""246""	""Thyrotoxicosis with or without goiter""	""24200""	""Toxic diffuse goiter without mention of thyrotoxic crisis or storm""",,
"242	""Endocrine", Nutritional And Metabolic Diseases," And Immunity Disorders""	""240""	""279""	""Disorders Of Thyroid Gland""	""240""	""246""	""Thyrotoxicosis with or without goiter""	""24201""	""Toxic diffuse goiter with mention of thyrotoxic crisis or storm""",,
"242	""Endocrine", Nutritional And Metabolic Diseases," And Immunity Disorders""	""240""	""279""	""Disorders Of Thyroid Gland""	""240""	""246""	""Thyrotoxicosis with or without goiter""	""24210""	""Toxic uninodular goiter without mention of thyrotoxic crisis or storm""",,
"242	""Endocrine", Nutritional And Metabolic Diseases," And Immunity Disorders""	""240""	""279""	""Disorders Of Thyroid Gland""	""240""	""246""	""Thyrotoxicosis with or without goiter""	""24211""	""Toxic uninodular goiter with mention of thyrotoxic crisis or storm""",,
"242	""Endocrine", Nutritional And Metabolic Diseases," And Immunity Disorders""	""240""	""279""	""Disorders Of Thyroid Gland""	""240""	""246""	""Thyrotoxicosis with or without goiter""	""24220""	""Toxic multinodular goiter without mention of thyrotoxic crisis or storm""",,
"242	""Endocrine", Nutritional And Metabolic Diseases," And Immunity Disorders""	""240""	""279""	""Disorders Of Thyroid Gland""	""240""	""246""	""Thyrotoxicosis with or without goiter""	""24221""	""Toxic multinodular goiter with mention of thyrotoxic crisis or storm""",,
"242	""Endocrine", Nutritional And Metabolic Diseases," And Immunity Disorders""	""240""	""279""	""Disorders Of Thyroid Gland""	""240""	""246""	""Thyrotoxicosis with or without goiter""	""24230""	""Toxic nodular goiter", unspecified type," without mention of thyrotoxic crisis or storm"""
"242	""Endocrine", Nutritional And Metabolic Diseases," And Immunity Disorders""	""240""	""279""	""Disorders Of Thyroid Gland""	""240""	""246""	""Thyrotoxicosis with or without goiter""	""24231""	""Toxic nodular goiter", unspecified type," with mention of thyrotoxic crisis or storm"""
"242	""Endocrine", Nutritional And Metabolic Diseases," And Immunity Disorders""	""240""	""279""	""Disorders Of Thyroid Gland""	""240""	""246""	""Thyrotoxicosis with or without goiter""	""24240""	""Thyrotoxicosis from ectopic thyroid nodule without mention of thyrotoxic crisis or storm""",,
"242	""Endocrine", Nutritional And Metabolic Diseases," And Immunity Disorders""	""240""	""279""	""Disorders Of Thyroid Gland""	""240""	""246""	""Thyrotoxicosis with or without goiter""	""24241""	""Thyrotoxicosis from ectopic thyroid nodule with mention of thyrotoxic crisis or storm""",,
"242	""Endocrine", Nutritional And Metabolic Diseases," And Immunity Disorders""	""240""	""279""	""Disorders Of Thyroid Gland""	""240""	""246""	""Thyrotoxicosis with or without goiter""	""24280""	""Thyrotoxicosis of other specified origin without mention of thyrotoxic crisis or storm""",,
"242	""Endocrine", Nutritional And Metabolic Diseases," And Immunity Disorders""	""240""	""279""	""Disorders Of Thyroid Gland""	""240""	""246""	""Thyrotoxicosis with or without goiter""	""24281""	""Thyrotoxicosis of other specified origin with mention of thyrotoxic crisis or storm""",,
"242	""Endocrine", Nutritional And Metabolic Diseases," And Immunity Disorders""	""240""	""279""	""Disorders Of Thyroid Gland""	""240""	""246""	""Thyrotoxicosis with or without goiter""	""24290""	""Thyrotoxicosis without mention of goiter or other cause"," and without mention of thyrotoxic crisis or storm""",
"242	""Endocrine", Nutritional And Metabolic Diseases," And Immunity Disorders""	""240""	""279""	""Disorders Of Thyroid Gland""	""240""	""246""	""Thyrotoxicosis with or without goiter""	""24291""	""Thyrotoxicosis without mention of goiter or other cause"," with mention of thyrotoxic crisis or storm""",
"244	""Endocrine", Nutritional And Metabolic Diseases," And Immunity Disorders""	""240""	""279""	""Disorders Of Thyroid Gland""	""240""	""246""	""Acquired hypothyroidism""	""2440""	""Postsurgical hypothyroidism""",,
"244	""Endocrine", Nutritional And Metabolic Diseases," And Immunity Disorders""	""240""	""279""	""Disorders Of Thyroid Gland""	""240""	""246""	""Acquired hypothyroidism""	""2441""	""Other postablative hypothyroidism""",,
"244	""Endocrine", Nutritional And Metabolic Diseases," And Immunity Disorders""	""240""	""279""	""Disorders Of Thyroid Gland""	""240""	""246""	""Acquired hypothyroidism""	""2442""	""Iodine hypothyroidism""",,
"244	""Endocrine", Nutritional And Metabolic Diseases," And Immunity Disorders""	""240""	""279""	""Disorders Of Thyroid Gland""	""240""	""246""	""Acquired hypothyroidism""	""2443""	""Other iatrogenic hypothyroidism""",,
"244	""Endocrine", Nutritional And Metabolic Diseases," And Immunity Disorders""	""240""	""279""	""Disorders Of Thyroid Gland""	""240""	""246""	""Acquired hypothyroidism""	""2448""	""Other specified acquired hypothyroidism""",,
"244	""Endocrine", Nutritional And Metabolic Diseases," And Immunity Disorders""	""240""	""279""	""Disorders Of Thyroid Gland""	""240""	""246""	""Acquired hypothyroidism""	""2449""	""Unspecified acquired hypothyroidism""",,
"249	""Endocrine", Nutritional And Metabolic Diseases," And Immunity Disorders""	""240""	""279""	""Diseases Of Other Endocrine Glands""	""249""	""259""	""Secondary diabetes mellitus""	""24900""	""Secondary diabetes mellitus without mention of complication", not stated as uncontrolled," or unspecified"""
"249	""Endocrine", Nutritional And Metabolic Diseases," And Immunity Disorders""	""240""	""279""	""Diseases Of Other Endocrine Glands""	""249""	""259""	""Secondary diabetes mellitus""	""24901""	""Secondary diabetes mellitus without mention of complication"," uncontrolled""",
"249	""Endocrine", Nutritional And Metabolic Diseases," And Immunity Disorders""	""240""	""279""	""Diseases Of Other Endocrine Glands""	""249""	""259""	""Secondary diabetes mellitus""	""24910""	""Secondary diabetes mellitus with ketoacidosis", not stated as uncontrolled," or unspecified"""
"249	""Endocrine", Nutritional And Metabolic Diseases," And Immunity Disorders""	""240""	""279""	""Diseases Of Other Endocrine Glands""	""249""	""259""	""Secondary diabetes mellitus""	""24911""	""Secondary diabetes mellitus with ketoacidosis"," uncontrolled""",
"249	""Endocrine", Nutritional And Metabolic Diseases," And Immunity Disorders""	""240""	""279""	""Diseases Of Other Endocrine Glands""	""249""	""259""	""Secondary diabetes mellitus""	""24920""	""Secondary diabetes mellitus with hyperosmolarity", not stated as uncontrolled," or unspecified"""
"249	""Endocrine", Nutritional And Metabolic Diseases," And Immunity Disorders""	""240""	""279""	""Diseases Of Other Endocrine Glands""	""249""	""259""	""Secondary diabetes mellitus""	""24921""	""Secondary diabetes mellitus with hyperosmolarity"," uncontrolled""",
"249	""Endocrine", Nutritional And Metabolic Diseases," And Immunity Disorders""	""240""	""279""	""Diseases Of Other Endocrine Glands""	""249""	""259""	""Secondary diabetes mellitus""	""24930""	""Secondary diabetes mellitus with other coma", not stated as uncontrolled," or unspecified"""
"249	""Endocrine", Nutritional And Metabolic Diseases," And Immunity Disorders""	""240""	""279""	""Diseases Of Other Endocrine Glands""	""249""	""259""	""Secondary diabetes mellitus""	""24931""	""Secondary diabetes mellitus with other coma"," uncontrolled""",
"249	""Endocrine", Nutritional And Metabolic Diseases," And Immunity Disorders""	""240""	""279""	""Diseases Of Other Endocrine Glands""	""249""	""259""	""Secondary diabetes mellitus""	""24940""	""Secondary diabetes mellitus with renal manifestations", not stated as uncontrolled," or unspecified"""
"249	""Endocrine", Nutritional And Metabolic Diseases," And Immunity Disorders""	""240""	""279""	""Diseases Of Other Endocrine Glands""	""249""	""259""	""Secondary diabetes mellitus""	""24941""	""Secondary diabetes mellitus with renal manifestations"," uncontrolled""",
"249	""Endocrine", Nutritional And Metabolic Diseases," And Immunity Disorders""	""240""	""279""	""Diseases Of Other Endocrine Glands""	""249""	""259""	""Secondary diabetes mellitus""	""24950""	""Secondary diabetes mellitus with ophthalmic manifestations", not stated as uncontrolled," or unspecified"""
"249	""Endocrine", Nutritional And Metabolic Diseases," And Immunity Disorders""	""240""	""279""	""Diseases Of Other Endocrine Glands""	""249""	""259""	""Secondary diabetes mellitus""	""24951""	""Secondary diabetes mellitus with ophthalmic manifestations"," uncontrolled""",
"249	""Endocrine", Nutritional And Metabolic Diseases," And Immunity Disorders""	""240""	""279""	""Diseases Of Other Endocrine Glands""	""249""	""259""	""Secondary diabetes mellitus""	""24960""	""Secondary diabetes mellitus with neurological manifestations", not stated as uncontrolled," or unspecified"""
"249	""Endocrine", Nutritional And Metabolic Diseases," And Immunity Disorders""	""240""	""279""	""Diseases Of Other Endocrine Glands""	""249""	""259""	""Secondary diabetes mellitus""	""24961""	""Secondary diabetes mellitus with neurological manifestations"," uncontrolled""",
"249	""Endocrine", Nutritional And Metabolic Diseases," And Immunity Disorders""	""240""	""279""	""Diseases Of Other Endocrine Glands""	""249""	""259""	""Secondary diabetes mellitus""	""24970""	""Secondary diabetes mellitus with peripheral circulatory disorders", not stated as uncontrolled," or unspecified"""
"249	""Endocrine", Nutritional And Metabolic Diseases," And Immunity Disorders""	""240""	""279""	""Diseases Of Other Endocrine Glands""	""249""	""259""	""Secondary diabetes mellitus""	""24971""	""Secondary diabetes mellitus with peripheral circulatory disorders"," uncontrolled""",
"249	""Endocrine", Nutritional And Metabolic Diseases," And Immunity Disorders""	""240""	""279""	""Diseases Of Other Endocrine Glands""	""249""	""259""	""Secondary diabetes mellitus""	""24980""	""Secondary diabetes mellitus with other specified manifestations", not stated as uncontrolled," or unspecified"""
"249	""Endocrine", Nutritional And Metabolic Diseases," And Immunity Disorders""	""240""	""279""	""Diseases Of Other Endocrine Glands""	""249""	""259""	""Secondary diabetes mellitus""	""24981""	""Secondary diabetes mellitus with other specified manifestations"," uncontrolled""",
"249	""Endocrine", Nutritional And Metabolic Diseases," And Immunity Disorders""	""240""	""279""	""Diseases Of Other Endocrine Glands""	""249""	""259""	""Secondary diabetes mellitus""	""24990""	""Secondary diabetes mellitus with unspecified complication", not stated as uncontrolled," or unspecified"""
"249	""Endocrine", Nutritional And Metabolic Diseases," And Immunity Disorders""	""240""	""279""	""Diseases Of Other Endocrine Glands""	""249""	""259""	""Secondary diabetes mellitus""	""24991""	""Secondary diabetes mellitus with unspecified complication"," uncontrolled""",
"250	""Endocrine", Nutritional And Metabolic Diseases," And Immunity Disorders""	""240""	""279""	""Diseases Of Other Endocrine Glands""	""249""	""259""	""Diabetes mellitus""	""25000""	""Diabetes mellitus without mention of complication", type II or unspecified type," not stated as uncontrolled"""
"250	""Endocrine", Nutritional And Metabolic Diseases," And Immunity Disorders""	""240""	""279""	""Diseases Of Other Endocrine Glands""	""249""	""259""	""Diabetes mellitus""	""25001""	""Diabetes mellitus without mention of complication", type I [juvenile type]," not stated as uncontrolled"""
"250	""Endocrine", Nutritional And Metabolic Diseases," And Immunity Disorders""	""240""	""279""	""Diseases Of Other Endocrine Glands""	""249""	""259""	""Diabetes mellitus""	""25002""	""Diabetes mellitus without mention of complication", type II or unspecified type," uncontrolled"""
"250	""Endocrine", Nutritional And Metabolic Diseases," And Immunity Disorders""	""240""	""279""	""Diseases Of Other Endocrine Glands""	""249""	""259""	""Diabetes mellitus""	""25003""	""Diabetes mellitus without mention of complication", type I [juvenile type]," uncontrolled"""
"250	""Endocrine", Nutritional And Metabolic Diseases," And Immunity Disorders""	""240""	""279""	""Diseases Of Other Endocrine Glands""	""249""	""259""	""Diabetes mellitus""	""25010""	""Diabetes with ketoacidosis", type II or unspecified type," not stated as uncontrolled"""
"250	""Endocrine", Nutritional And Metabolic Diseases," And Immunity Disorders""	""240""	""279""	""Diseases Of Other Endocrine Glands""	""249""	""259""	""Diabetes mellitus""	""25011""	""Diabetes with ketoacidosis", type I [juvenile type]," not stated as uncontrolled"""
"250	""Endocrine", Nutritional And Metabolic Diseases," And Immunity Disorders""	""240""	""279""	""Diseases Of Other Endocrine Glands""	""249""	""259""	""Diabetes mellitus""	""25012""	""Diabetes with ketoacidosis", type II or unspecified type," uncontrolled"""
"250	""Endocrine", Nutritional And Metabolic Diseases," And Immunity Disorders""	""240""	""279""	""Diseases Of Other Endocrine Glands""	""249""	""259""	""Diabetes mellitus""	""25013""	""Diabetes with ketoacidosis", type I [juvenile type]," uncontrolled"""
"250	""Endocrine", Nutritional And Metabolic Diseases," And Immunity Disorders""	""240""	""279""	""Diseases Of Other Endocrine Glands""	""249""	""259""	""Diabetes mellitus""	""25020""	""Diabetes with hyperosmolarity", type II or unspecified type," not stated as uncontrolled"""
"250	""Endocrine", Nutritional And Metabolic Diseases," And Immunity Disorders""	""240""	""279""	""Diseases Of Other Endocrine Glands""	""249""	""259""	""Diabetes mellitus""	""25021""	""Diabetes with hyperosmolarity", type I [juvenile type]," not stated as uncontrolled"""
"250	""Endocrine", Nutritional And Metabolic Diseases," And Immunity Disorders""	""240""	""279""	""Diseases Of Other Endocrine Glands""	""249""	""259""	""Diabetes mellitus""	""25022""	""Diabetes with hyperosmolarity", type II or unspecified type," uncontrolled"""
"250	""Endocrine", Nutritional And Metabolic Diseases," And Immunity Disorders""	""240""	""279""	""Diseases Of Other Endocrine Glands""	""249""	""259""	""Diabetes mellitus""	""25023""	""Diabetes with hyperosmolarity", type I [juvenile type]," uncontrolled"""
"250	""Endocrine", Nutritional And Metabolic Diseases," And Immunity Disorders""	""240""	""279""	""Diseases Of Other Endocrine Glands""	""249""	""259""	""Diabetes mellitus""	""25030""	""Diabetes with other coma", type II or unspecified type," not stated as uncontrolled"""
"250	""Endocrine", Nutritional And Metabolic Diseases," And Immunity Disorders""	""240""	""279""	""Diseases Of Other Endocrine Glands""	""249""	""259""	""Diabetes mellitus""	""25031""	""Diabetes with other coma", type I [juvenile type]," not stated as uncontrolled"""
"250	""Endocrine", Nutritional And Metabolic Diseases," And Immunity Disorders""	""240""	""279""	""Diseases Of Other Endocrine Glands""	""249""	""259""	""Diabetes mellitus""	""25032""	""Diabetes with other coma", type II or unspecified type," uncontrolled"""
"250	""Endocrine", Nutritional And Metabolic Diseases," And Immunity Disorders""	""240""	""279""	""Diseases Of Other Endocrine Glands""	""249""	""259""	""Diabetes mellitus""	""25033""	""Diabetes with other coma", type I [juvenile type]," uncontrolled"""
"250	""Endocrine", Nutritional And Metabolic Diseases," And Immunity Disorders""	""240""	""279""	""Diseases Of Other Endocrine Glands""	""249""	""259""	""Diabetes mellitus""	""25040""	""Diabetes with renal manifestations", type II or unspecified type," not stated as uncontrolled"""
"250	""Endocrine", Nutritional And Metabolic Diseases," And Immunity Disorders""	""240""	""279""	""Diseases Of Other Endocrine Glands""	""249""	""259""	""Diabetes mellitus""	""25041""	""Diabetes with renal manifestations", type I [juvenile type]," not stated as uncontrolled"""
"250	""Endocrine", Nutritional And Metabolic Diseases," And Immunity Disorders""	""240""	""279""	""Diseases Of Other Endocrine Glands""	""249""	""259""	""Diabetes mellitus""	""25042""	""Diabetes with renal manifestations", type II or unspecified type," uncontrolled"""
"250	""Endocrine", Nutritional And Metabolic Diseases," And Immunity Disorders""	""240""	""279""	""Diseases Of Other Endocrine Glands""	""249""	""259""	""Diabetes mellitus""	""25043""	""Diabetes with renal manifestations", type I [juvenile type]," uncontrolled"""
"250	""Endocrine", Nutritional And Metabolic Diseases," And Immunity Disorders""	""240""	""279""	""Diseases Of Other Endocrine Glands""	""249""	""259""	""Diabetes mellitus""	""25050""	""Diabetes with ophthalmic manifestations", type II or unspecified type," not stated as uncontrolled"""
"250	""Endocrine", Nutritional And Metabolic Diseases," And Immunity Disorders""	""240""	""279""	""Diseases Of Other Endocrine Glands""	""249""	""259""	""Diabetes mellitus""	""25051""	""Diabetes with ophthalmic manifestations", type I [juvenile type]," not stated as uncontrolled"""
"250	""Endocrine", Nutritional And Metabolic Diseases," And Immunity Disorders""	""240""	""279""	""Diseases Of Other Endocrine Glands""	""249""	""259""	""Diabetes mellitus""	""25052""	""Diabetes with ophthalmic manifestations", type II or unspecified type," uncontrolled"""
"250	""Endocrine", Nutritional And Metabolic Diseases," And Immunity Disorders""	""240""	""279""	""Diseases Of Other Endocrine Glands""	""249""	""259""	""Diabetes mellitus""	""25053""	""Diabetes with ophthalmic manifestations", type I [juvenile type]," uncontrolled"""
"250	""Endocrine", Nutritional And Metabolic Diseases," And Immunity Disorders""	""240""	""279""	""Diseases Of Other Endocrine Glands""	""249""	""259""	""Diabetes mellitus""	""25060""	""Diabetes with neurological manifestations", type II or unspecified type," not stated as uncontrolled"""
"250	""Endocrine", Nutritional And Metabolic Diseases," And Immunity Disorders""	""240""	""279""	""Diseases Of Other Endocrine Glands""	""249""	""259""	""Diabetes mellitus""	""25061""	""Diabetes with neurological manifestations", type I [juvenile type]," not stated as uncontrolled"""
"250	""Endocrine", Nutritional And Metabolic Diseases," And Immunity Disorders""	""240""	""279""	""Diseases Of Other Endocrine Glands""	""249""	""259""	""Diabetes mellitus""	""25062""	""Diabetes with neurological manifestations", type II or unspecified type," uncontrolled"""
"250	""Endocrine", Nutritional And Metabolic Diseases," And Immunity Disorders""	""240""	""279""	""Diseases Of Other Endocrine Glands""	""249""	""259""	""Diabetes mellitus""	""25063""	""Diabetes with neurological manifestations", type I [juvenile type]," uncontrolled"""
"250	""Endocrine", Nutritional And Metabolic Diseases," And Immunity Disorders""	""240""	""279""	""Diseases Of Other Endocrine Glands""	""249""	""259""	""Diabetes mellitus""	""25070""	""Diabetes with peripheral circulatory disorders", type II or unspecified type," not stated as uncontrolled"""
"250	""Endocrine", Nutritional And Metabolic Diseases," And Immunity Disorders""	""240""	""279""	""Diseases Of Other Endocrine Glands""	""249""	""259""	""Diabetes mellitus""	""25071""	""Diabetes with peripheral circulatory disorders", type I [juvenile type]," not stated as uncontrolled"""
"250	""Endocrine", Nutritional And Metabolic Diseases," And Immunity Disorders""	""240""	""279""	""Diseases Of Other Endocrine Glands""	""249""	""259""	""Diabetes mellitus""	""25072""	""Diabetes with peripheral circulatory disorders", type II or unspecified type," uncontrolled"""
"250	""Endocrine", Nutritional And Metabolic Diseases," And Immunity Disorders""	""240""	""279""	""Diseases Of Other Endocrine Glands""	""249""	""259""	""Diabetes mellitus""	""25073""	""Diabetes with peripheral circulatory disorders", type I [juvenile type]," uncontrolled"""
"250	""Endocrine", Nutritional And Metabolic Diseases," And Immunity Disorders""	""240""	""279""	""Diseases Of Other Endocrine Glands""	""249""	""259""	""Diabetes mellitus""	""25080""	""Diabetes with other specified manifestations", type II or unspecified type," not stated as uncontrolled"""
"250	""Endocrine", Nutritional And Metabolic Diseases," And Immunity Disorders""	""240""	""279""	""Diseases Of Other Endocrine Glands""	""249""	""259""	""Diabetes mellitus""	""25081""	""Diabetes with other specified manifestations", type I [juvenile type]," not stated as uncontrolled"""
"250	""Endocrine", Nutritional And Metabolic Diseases," And Immunity Disorders""	""240""	""279""	""Diseases Of Other Endocrine Glands""	""249""	""259""	""Diabetes mellitus""	""25082""	""Diabetes with other specified manifestations", type II or unspecified type," uncontrolled"""
"250	""Endocrine", Nutritional And Metabolic Diseases," And Immunity Disorders""	""240""	""279""	""Diseases Of Other Endocrine Glands""	""249""	""259""	""Diabetes mellitus""	""25083""	""Diabetes with other specified manifestations", type I [juvenile type]," uncontrolled"""
"250	""Endocrine", Nutritional And Metabolic Diseases," And Immunity Disorders""	""240""	""279""	""Diseases Of Other Endocrine Glands""	""249""	""259""	""Diabetes mellitus""	""25090""	""Diabetes with unspecified complication", type II or unspecified type," not stated as uncontrolled"""
"250	""Endocrine", Nutritional And Metabolic Diseases," And Immunity Disorders""	""240""	""279""	""Diseases Of Other Endocrine Glands""	""249""	""259""	""Diabetes mellitus""	""25091""	""Diabetes with unspecified complication", type I [juvenile type]," not stated as uncontrolled"""
"250	""Endocrine", Nutritional And Metabolic Diseases," And Immunity Disorders""	""240""	""279""	""Diseases Of Other Endocrine Glands""	""249""	""259""	""Diabetes mellitus""	""25092""	""Diabetes with unspecified complication", type II or unspecified type," uncontrolled"""
"250	""Endocrine", Nutritional And Metabolic Diseases," And Immunity Disorders""	""240""	""279""	""Diseases Of Other Endocrine Glands""	""249""	""259""	""Diabetes mellitus""	""25093""	""Diabetes with unspecified complication", type I [juvenile type]," uncontrolled"""
"280	""Diseases Of The Blood And Blood-Forming Organs""	""280""	""289""	""Diseases Of The Blood And Blood-Forming Organs""	""280""	""289""	""Iron deficiency anemias""	""2800""	""Iron deficiency anemia secondary to blood loss (chronic)""",,,,
"280	""Diseases Of The Blood And Blood-Forming Organs""	""280""	""289""	""Diseases Of The Blood And Blood-Forming Organs""	""280""	""289""	""Iron deficiency anemias""	""2801""	""Iron deficiency anemia secondary to inadequate dietary iron intake""",,,,
"280	""Diseases Of The Blood And Blood-Forming Organs""	""280""	""289""	""Diseases Of The Blood And Blood-Forming Organs""	""280""	""289""	""Iron deficiency anemias""	""2808""	""Other specified iron deficiency anemias""",,,,
"280	""Diseases Of The Blood And Blood-Forming Organs""	""280""	""289""	""Diseases Of The Blood And Blood-Forming Organs""	""280""	""289""	""Iron deficiency anemias""	""2809""	""Iron deficiency anemia"," unspecified""",,,
"281	""Diseases Of The Blood And Blood-Forming Organs""	""280""	""289""	""Diseases Of The Blood And Blood-Forming Organs""	""280""	""289""	""Other deficiency anemias""	""2810""	""Pernicious anemia""",,,,
"281	""Diseases Of The Blood And Blood-Forming Organs""	""280""	""289""	""Diseases Of The Blood And Blood-Forming Organs""	""280""	""289""	""Other deficiency anemias""	""2811""	""Other vitamin B12 deficiency anemia""",,,,
"281	""Diseases Of The Blood And Blood-Forming Organs""	""280""	""289""	""Diseases Of The Blood And Blood-Forming Organs""	""280""	""289""	""Other deficiency anemias""	""2812""	""Folate-deficiency anemia""",,,,
"281	""Diseases Of The Blood And Blood-Forming Organs""	""280""	""289""	""Diseases Of The Blood And Blood-Forming Organs""	""280""	""289""	""Other deficiency anemias""	""2813""	""Other specified megaloblastic anemias not elsewhere classified""",,,,
"281	""Diseases Of The Blood And Blood-Forming Organs""	""280""	""289""	""Diseases Of The Blood And Blood-Forming Organs""	""280""	""289""	""Other deficiency anemias""	""2814""	""Protein-deficiency anemia""",,,,
"281	""Diseases Of The Blood And Blood-Forming Organs""	""280""	""289""	""Diseases Of The Blood And Blood-Forming Organs""	""280""	""289""	""Other deficiency anemias""	""2818""	""Anemia associated with other specified nutritional deficiency""",,,,
"281	""Diseases Of The Blood And Blood-Forming Organs""	""280""	""289""	""Diseases Of The Blood And Blood-Forming Organs""	""280""	""289""	""Other deficiency anemias""	""2819""	""Unspecified deficiency anemia""",,,,
"284	""Diseases Of The Blood And Blood-Forming Organs""	""280""	""289""	""Diseases Of The Blood And Blood-Forming Organs""	""280""	""289""	""Aplastic anemia and other bone marrow failure syndromes""	""28401""	""Constitutional red blood cell aplasia""",,,,
"284	""Diseases Of The Blood And Blood-Forming Organs""	""280""	""289""	""Diseases Of The Blood And Blood-Forming Organs""	""280""	""289""	""Aplastic anemia and other bone marrow failure syndromes""	""28409""	""Other constitutional aplastic anemia""",,,,
"284	""Diseases Of The Blood And Blood-Forming Organs""	""280""	""289""	""Diseases Of The Blood And Blood-Forming Organs""	""280""	""289""	""Aplastic anemia and other bone marrow failure syndromes""	""28411""	""Antineoplastic chemotherapy induced pancytopenia""",,,,
"284	""Diseases Of The Blood And Blood-Forming Organs""	""280""	""289""	""Diseases Of The Blood And Blood-Forming Organs""	""280""	""289""	""Aplastic anemia and other bone marrow failure syndromes""	""28412""	""Other drug-induced pancytopenia""",,,,
"284	""Diseases Of The Blood And Blood-Forming Organs""	""280""	""289""	""Diseases Of The Blood And Blood-Forming Organs""	""280""	""289""	""Aplastic anemia and other bone marrow failure syndromes""	""28419""	""Other pancytopenia""",,,,
"284	""Diseases Of The Blood And Blood-Forming Organs""	""280""	""289""	""Diseases Of The Blood And Blood-Forming Organs""	""280""	""289""	""Aplastic anemia and other bone marrow failure syndromes""	""2842""	""Myelophthisis""",,,,
"284	""Diseases Of The Blood And Blood-Forming Organs""	""280""	""289""	""Diseases Of The Blood And Blood-Forming Organs""	""280""	""289""	""Aplastic anemia and other bone marrow failure syndromes""	""28481""	""Red cell aplasia (acquired)(adult)(with thymoma)""",,,,
"284	""Diseases Of The Blood And Blood-Forming Organs""	""280""	""289""	""Diseases Of The Blood And Blood-Forming Organs""	""280""	""289""	""Aplastic anemia and other bone marrow failure syndromes""	""28489""	""Other specified aplastic anemias""",,,,
"284	""Diseases Of The Blood And Blood-Forming Organs""	""280""	""289""	""Diseases Of The Blood And Blood-Forming Organs""	""280""	""289""	""Aplastic anemia and other bone marrow failure syndromes""	""2849""	""Aplastic anemia"," unspecified""",,,
"285	""Diseases Of The Blood And Blood-Forming Organs""	""280""	""289""	""Diseases Of The Blood And Blood-Forming Organs""	""280""	""289""	""Other and unspecified anemias""	""2850""	""Sideroblastic anemia""",,,,
"285	""Diseases Of The Blood And Blood-Forming Organs""	""280""	""289""	""Diseases Of The Blood And Blood-Forming Organs""	""280""	""289""	""Other and unspecified anemias""	""2851""	""Acute posthemorrhagic anemia""",,,,
"285	""Diseases Of The Blood And Blood-Forming Organs""	""280""	""289""	""Diseases Of The Blood And Blood-Forming Organs""	""280""	""289""	""Other and unspecified anemias""	""28521""	""Anemia in chronic kidney disease""",,,,
"285	""Diseases Of The Blood And Blood-Forming Organs""	""280""	""289""	""Diseases Of The Blood And Blood-Forming Organs""	""280""	""289""	""Other and unspecified anemias""	""28522""	""Anemia in neoplastic disease""",,,,
"285	""Diseases Of The Blood And Blood-Forming Organs""	""280""	""289""	""Diseases Of The Blood And Blood-Forming Organs""	""280""	""289""	""Other and unspecified anemias""	""28529""	""Anemia of other chronic disease""",,,,
"285	""Diseases Of The Blood And Blood-Forming Organs""	""280""	""289""	""Diseases Of The Blood And Blood-Forming Organs""	""280""	""289""	""Other and unspecified anemias""	""2853""	""Antineoplastic chemotherapy induced anemia""",,,,
"285	""Diseases Of The Blood And Blood-Forming Organs""	""280""	""289""	""Diseases Of The Blood And Blood-Forming Organs""	""280""	""289""	""Other and unspecified anemias""	""2858""	""Other specified anemias""",,,,
"285	""Diseases Of The Blood And Blood-Forming Organs""	""280""	""289""	""Diseases Of The Blood And Blood-Forming Organs""	""280""	""289""	""Other and unspecified anemias""	""2859""	""Anemia"," unspecified""",,,
"290	""Mental Disorders""	""290""	""319""	""Organic Psychotic Conditions""	""290""	""294""	""Dementias""	""2900""	""Senile dementia"," uncomplicated""",,,
"290	""Mental Disorders""	""290""	""319""	""Organic Psychotic Conditions""	""290""	""294""	""Dementias""	""29010""	""Presenile dementia"," uncomplicated""",,,
"290	""Mental Disorders""	""290""	""319""	""Organic Psychotic Conditions""	""290""	""294""	""Dementias""	""29011""	""Presenile dementia with delirium""",,,,
"290	""Mental Disorders""	""290""	""319""	""Organic Psychotic Conditions""	""290""	""294""	""Dementias""	""29012""	""Presenile dementia with delusional features""",,,,
"290	""Mental Disorders""	""290""	""319""	""Organic Psychotic Conditions""	""290""	""294""	""Dementias""	""29013""	""Presenile dementia with depressive features""",,,,
"290	""Mental Disorders""	""290""	""319""	""Organic Psychotic Conditions""	""290""	""294""	""Dementias""	""29020""	""Senile dementia with delusional features""",,,,
"290	""Mental Disorders""	""290""	""319""	""Organic Psychotic Conditions""	""290""	""294""	""Dementias""	""29021""	""Senile dementia with depressive features""",,,,
"290	""Mental Disorders""	""290""	""319""	""Organic Psychotic Conditions""	""290""	""294""	""Dementias""	""2903""	""Senile dementia with delirium""",,,,
"290	""Mental Disorders""	""290""	""319""	""Organic Psychotic Conditions""	""290""	""294""	""Dementias""	""29040""	""Vascular dementia"," uncomplicated""",,,
"290	""Mental Disorders""	""290""	""319""	""Organic Psychotic Conditions""	""290""	""294""	""Dementias""	""29041""	""Vascular dementia"," with delirium""",,,
"290	""Mental Disorders""	""290""	""319""	""Organic Psychotic Conditions""	""290""	""294""	""Dementias""	""29042""	""Vascular dementia"," with delusions""",,,
"290	""Mental Disorders""	""290""	""319""	""Organic Psychotic Conditions""	""290""	""294""	""Dementias""	""29043""	""Vascular dementia"," with depressed mood""",,,
"290	""Mental Disorders""	""290""	""319""	""Organic Psychotic Conditions""	""290""	""294""	""Dementias""	""2908""	""Other specified senile psychotic conditions""",,,,
"290	""Mental Disorders""	""290""	""319""	""Organic Psychotic Conditions""	""290""	""294""	""Dementias""	""2909""	""Unspecified senile psychotic condition""",,,,
327.23,,OBSTRUCTIVE SLEEP APNEA,,
"332	""Diseases Of The Nervous System And Sense Organs""	""320""	""389""	""Hereditary And Degenerative Diseases Of The Central Nervous System""	""330""	""337""	""Parkinson's disease""	""3320""	""Paralysis agitans""",,,,
"332	""Diseases Of The Nervous System And Sense Organs""	""320""	""389""	""Hereditary And Degenerative Diseases Of The Central Nervous System""	""330""	""337""	""Parkinson's disease""	""3321""	""Secondary parkinsonism""",,,,
"333	""Diseases Of The Nervous System And Sense Organs""	""320""	""389""	""Hereditary And Degenerative Diseases Of The Central Nervous System""	""330""	""337""	""Other extrapyramidal disease and abnormal movement disorders""	""3330""	""Other degenerative diseases of the basal ganglia""",,,,
"333	""Diseases Of The Nervous System And Sense Organs""	""320""	""389""	""Hereditary And Degenerative Diseases Of The Central Nervous System""	""330""	""337""	""Other extrapyramidal disease and abnormal movement disorders""	""3331""	""Essential and other specified forms of tremor""",,,,
"333	""Diseases Of The Nervous System And Sense Organs""	""320""	""389""	""Hereditary And Degenerative Diseases Of The Central Nervous System""	""330""	""337""	""Other extrapyramidal disease and abnormal movement disorders""	""3332""	""Myoclonus""",,,,
"333	""Diseases Of The Nervous System And Sense Organs""	""320""	""389""	""Hereditary And Degenerative Diseases Of The Central Nervous System""	""330""	""337""	""Other extrapyramidal disease and abnormal movement disorders""	""3333""	""Tics of organic origin""",,,,
"333	""Diseases Of The Nervous System And Sense Organs""	""320""	""389""	""Hereditary And Degenerative Diseases Of The Central Nervous System""	""330""	""337""	""Other extrapyramidal disease and abnormal movement disorders""	""3334""	""Huntington's chorea""",,,,
"333	""Diseases Of The Nervous System And Sense Organs""	""320""	""389""	""Hereditary And Degenerative Diseases Of The Central Nervous System""	""330""	""337""	""Other extrapyramidal disease and abnormal movement disorders""	""33372""	""Acute dystonia due to drugs""",,,,
"333	""Diseases Of The Nervous System And Sense Organs""	""320""	""389""	""Hereditary And Degenerative Diseases Of The Central Nervous System""	""330""	""337""	""Other extrapyramidal disease and abnormal movement disorders""	""33385""	""Subacute dyskinesia due to drugs""",,,,
"333	""Diseases Of The Nervous System And Sense Organs""	""320""	""389""	""Hereditary And Degenerative Diseases Of The Central Nervous System""	""330""	""337""	""Other extrapyramidal disease and abnormal movement disorders""	""33390""	""Unspecified extrapyramidal disease and abnormal movement disorder""",,,,
"333	""Diseases Of The Nervous System And Sense Organs""	""320""	""389""	""Hereditary And Degenerative Diseases Of The Central Nervous System""	""330""	""337""	""Other extrapyramidal disease and abnormal movement disorders""	""33394""	""Restless legs syndrome (RLS)""",,,,
"333	""Diseases Of The Nervous System And Sense Organs""	""320""	""389""	""Hereditary And Degenerative Diseases Of The Central Nervous System""	""330""	""337""	""Other extrapyramidal disease and abnormal movement disorders""	""33399""	""Other extrapyramidal diseases and abnormal movement disorders""",,,,
"390	""Diseases Of The Circulatory System""	""390""	""459""	""Acute Rheumatic Fever""	""390""	""392""	""Rheumatic fever without mention of heart involvement""	""390""	""Rheumatic fever without mention of heart involvement""",,,,
"401	""Diseases Of The Circulatory System""	""390""	""459""	""Hypertensive Disease""	""401""	""405""	""Essential hypertension""	""4010""	""Malignant essential hypertension""",,,,
"401	""Diseases Of The Circulatory System""	""390""	""459""	""Hypertensive Disease""	""401""	""405""	""Essential hypertension""	""4011""	""Benign essential hypertension""",,,,
"401	""Diseases Of The Circulatory System""	""390""	""459""	""Hypertensive Disease""	""401""	""405""	""Essential hypertension""	""4019""	""Unspecified essential hypertension""",,,,
"402	""Diseases Of The Circulatory System""	""390""	""459""	""Hypertensive Disease""	""401""	""405""	""Hypertensive heart disease""	""40200""	""Malignant hypertensive heart disease without heart failure""",,,,
"402	""Diseases Of The Circulatory System""	""390""	""459""	""Hypertensive Disease""	""401""	""405""	""Hypertensive heart disease""	""40201""	""Malignant hypertensive heart disease with heart failure""",,,,
"402	""Diseases Of The Circulatory System""	""390""	""459""	""Hypertensive Disease""	""401""	""405""	""Hypertensive heart disease""	""40210""	""Benign hypertensive heart disease without heart failure""",,,,
"402	""Diseases Of The Circulatory System""	""390""	""459""	""Hypertensive Disease""	""401""	""405""	""Hypertensive heart disease""	""40211""	""Benign hypertensive heart disease with heart failure""",,,,
"402	""Diseases Of The Circulatory System""	""390""	""459""	""Hypertensive Disease""	""401""	""405""	""Hypertensive heart disease""	""40290""	""Unspecified hypertensive heart disease without heart failure""",,,,
"402	""Diseases Of The Circulatory System""	""390""	""459""	""Hypertensive Disease""	""401""	""405""	""Hypertensive heart disease""	""40291""	""Unspecified hypertensive heart disease with heart failure""",,,,
"403	""Diseases Of The Circulatory System""	""390""	""459""	""Hypertensive Disease""	""401""	""405""	""Hypertensive chronic kidney disease""	""40300""	""Hypertensive chronic kidney disease", malignant, with chronic kidney disease stage I through stage IV," or unspecified""",
"403	""Diseases Of The Circulatory System""	""390""	""459""	""Hypertensive Disease""	""401""	""405""	""Hypertensive chronic kidney disease""	""40301""	""Hypertensive chronic kidney disease", malignant," with chronic kidney disease stage V or end stage renal disease""",,
"403	""Diseases Of The Circulatory System""	""390""	""459""	""Hypertensive Disease""	""401""	""405""	""Hypertensive chronic kidney disease""	""40310""	""Hypertensive chronic kidney disease", benign, with chronic kidney disease stage I through stage IV," or unspecified""",
"403	""Diseases Of The Circulatory System""	""390""	""459""	""Hypertensive Disease""	""401""	""405""	""Hypertensive chronic kidney disease""	""40311""	""Hypertensive chronic kidney disease", benign," with chronic kidney disease stage V or end stage renal disease""",,
"403	""Diseases Of The Circulatory System""	""390""	""459""	""Hypertensive Disease""	""401""	""405""	""Hypertensive chronic kidney disease""	""40390""	""Hypertensive chronic kidney disease", unspecified, with chronic kidney disease stage I through stage IV," or unspecified""",
"403	""Diseases Of The Circulatory System""	""390""	""459""	""Hypertensive Disease""	""401""	""405""	""Hypertensive chronic kidney disease""	""40391""	""Hypertensive chronic kidney disease", unspecified," with chronic kidney disease stage V or end stage renal disease""",,
"405	""Diseases Of The Circulatory System""	""390""	""459""	""Hypertensive Disease""	""401""	""405""	""Secondary hypertension""	""40501""	""Malignant renovascular hypertension""",,,,
"405	""Diseases Of The Circulatory System""	""390""	""459""	""Hypertensive Disease""	""401""	""405""	""Secondary hypertension""	""40509""	""Other malignant secondary hypertension""",,,,
"405	""Diseases Of The Circulatory System""	""390""	""459""	""Hypertensive Disease""	""401""	""405""	""Secondary hypertension""	""40511""	""Benign renovascular hypertension""",,,,
"405	""Diseases Of The Circulatory System""	""390""	""459""	""Hypertensive Disease""	""401""	""405""	""Secondary hypertension""	""40519""	""Other benign secondary hypertension""",,,,
"405	""Diseases Of The Circulatory System""	""390""	""459""	""Hypertensive Disease""	""401""	""405""	""Secondary hypertension""	""40591""	""Unspecified renovascular hypertension""",,,,
"405	""Diseases Of The Circulatory System""	""390""	""459""	""Hypertensive Disease""	""401""	""405""	""Secondary hypertension""	""40599""	""Other unspecified secondary hypertension""",,,,
"410	""Diseases Of The Circulatory System""	""390""	""459""	""Ischemic Heart Disease""	""410""	""414""	""Acute myocardial infarction""	""41000""	""Acute myocardial infarction of anterolateral wall"," episode of care unspecified""",,,
"410	""Diseases Of The Circulatory System""	""390""	""459""	""Ischemic Heart Disease""	""410""	""414""	""Acute myocardial infarction""	""41001""	""Acute myocardial infarction of anterolateral wall"," initial episode of care""",,,
"410	""Diseases Of The Circulatory System""	""390""	""459""	""Ischemic Heart Disease""	""410""	""414""	""Acute myocardial infarction""	""41002""	""Acute myocardial infarction of anterolateral wall"," subsequent episode of care""",,,
"410	""Diseases Of The Circulatory System""	""390""	""459""	""Ischemic Heart Disease""	""410""	""414""	""Acute myocardial infarction""	""41010""	""Acute myocardial infarction of other anterior wall"," episode of care unspecified""",,,
"410	""Diseases Of The Circulatory System""	""390""	""459""	""Ischemic Heart Disease""	""410""	""414""	""Acute myocardial infarction""	""41011""	""Acute myocardial infarction of other anterior wall"," initial episode of care""",,,
"410	""Diseases Of The Circulatory System""	""390""	""459""	""Ischemic Heart Disease""	""410""	""414""	""Acute myocardial infarction""	""41012""	""Acute myocardial infarction of other anterior wall"," subsequent episode of care""",,,
"410	""Diseases Of The Circulatory System""	""390""	""459""	""Ischemic Heart Disease""	""410""	""414""	""Acute myocardial infarction""	""41020""	""Acute myocardial infarction of inferolateral wall"," episode of care unspecified""",,,
"410	""Diseases Of The Circulatory System""	""390""	""459""	""Ischemic Heart Disease""	""410""	""414""	""Acute myocardial infarction""	""41021""	""Acute myocardial infarction of inferolateral wall"," initial episode of care""",,,
"410	""Diseases Of The Circulatory System""	""390""	""459""	""Ischemic Heart Disease""	""410""	""414""	""Acute myocardial infarction""	""41022""	""Acute myocardial infarction of inferolateral wall"," subsequent episode of care""",,,
"410	""Diseases Of The Circulatory System""	""390""	""459""	""Ischemic Heart Disease""	""410""	""414""	""Acute myocardial infarction""	""41030""	""Acute myocardial infarction of inferoposterior wall"," episode of care unspecified""",,,
"410	""Diseases Of The Circulatory System""	""390""	""459""	""Ischemic Heart Disease""	""410""	""414""	""Acute myocardial infarction""	""41031""	""Acute myocardial infarction of inferoposterior wall"," initial episode of care""",,,
"410	""Diseases Of The Circulatory System""	""390""	""459""	""Ischemic Heart Disease""	""410""	""414""	""Acute myocardial infarction""	""41032""	""Acute myocardial infarction of inferoposterior wall"," subsequent episode of care""",,,
"410	""Diseases Of The Circulatory System""	""390""	""459""	""Ischemic Heart Disease""	""410""	""414""	""Acute myocardial infarction""	""41040""	""Acute myocardial infarction of other inferior wall"," episode of care unspecified""",,,
"410	""Diseases Of The Circulatory System""	""390""	""459""	""Ischemic Heart Disease""	""410""	""414""	""Acute myocardial infarction""	""41041""	""Acute myocardial infarction of other inferior wall"," initial episode of care""",,,
"410	""Diseases Of The Circulatory System""	""390""	""459""	""Ischemic Heart Disease""	""410""	""414""	""Acute myocardial infarction""	""41042""	""Acute myocardial infarction of other inferior wall"," subsequent episode of care""",,,
"410	""Diseases Of The Circulatory System""	""390""	""459""	""Ischemic Heart Disease""	""410""	""414""	""Acute myocardial infarction""	""41050""	""Acute myocardial infarction of other lateral wall"," episode of care unspecified""",,,
"410	""Diseases Of The Circulatory System""	""390""	""459""	""Ischemic Heart Disease""	""410""	""414""	""Acute myocardial infarction""	""41051""	""Acute myocardial infarction of other lateral wall"," initial episode of care""",,,
"410	""Diseases Of The Circulatory System""	""390""	""459""	""Ischemic Heart Disease""	""410""	""414""	""Acute myocardial infarction""	""41052""	""Acute myocardial infarction of other lateral wall"," subsequent episode of care""",,,
"410	""Diseases Of The Circulatory System""	""390""	""459""	""Ischemic Heart Disease""	""410""	""414""	""Acute myocardial infarction""	""41060""	""True posterior wall infarction"," episode of care unspecified""",,,
"410	""Diseases Of The Circulatory System""	""390""	""459""	""Ischemic Heart Disease""	""410""	""414""	""Acute myocardial infarction""	""41061""	""True posterior wall infarction"," initial episode of care""",,,
"410	""Diseases Of The Circulatory System""	""390""	""459""	""Ischemic Heart Disease""	""410""	""414""	""Acute myocardial infarction""	""41062""	""True posterior wall infarction"," subsequent episode of care""",,,
"410	""Diseases Of The Circulatory System""	""390""	""459""	""Ischemic Heart Disease""	""410""	""414""	""Acute myocardial infarction""	""41070""	""Subendocardial infarction"," episode of care unspecified""",,,
"410	""Diseases Of The Circulatory System""	""390""	""459""	""Ischemic Heart Disease""	""410""	""414""	""Acute myocardial infarction""	""41071""	""Subendocardial infarction"," initial episode of care""",,,
"410	""Diseases Of The Circulatory System""	""390""	""459""	""Ischemic Heart Disease""	""410""	""414""	""Acute myocardial infarction""	""41072""	""Subendocardial infarction"," subsequent episode of care""",,,
"410	""Diseases Of The Circulatory System""	""390""	""459""	""Ischemic Heart Disease""	""410""	""414""	""Acute myocardial infarction""	""41080""	""Acute myocardial infarction of other specified sites"," episode of care unspecified""",,,
"410	""Diseases Of The Circulatory System""	""390""	""459""	""Ischemic Heart Disease""	""410""	""414""	""Acute myocardial infarction""	""41081""	""Acute myocardial infarction of other specified sites"," initial episode of care""",,,
"410	""Diseases Of The Circulatory System""	""390""	""459""	""Ischemic Heart Disease""	""410""	""414""	""Acute myocardial infarction""	""41082""	""Acute myocardial infarction of other specified sites"," subsequent episode of care""",,,
"410	""Diseases Of The Circulatory System""	""390""	""459""	""Ischemic Heart Disease""	""410""	""414""	""Acute myocardial infarction""	""41090""	""Acute myocardial infarction of unspecified site"," episode of care unspecified""",,,
"410	""Diseases Of The Circulatory System""	""390""	""459""	""Ischemic Heart Disease""	""410""	""414""	""Acute myocardial infarction""	""41091""	""Acute myocardial infarction of unspecified site"," initial episode of care""",,,
"410	""Diseases Of The Circulatory System""	""390""	""459""	""Ischemic Heart Disease""	""410""	""414""	""Acute myocardial infarction""	""41092""	""Acute myocardial infarction of unspecified site"," subsequent episode of care""",,,
"415	""Diseases Of The Circulatory System""	""390""	""459""	""Diseases Of Pulmonary Circulation""	""415""	""417""	""Acute pulmonary heart disease""	""4150""	""Acute cor pulmonale""",,,,
"415	""Diseases Of The Circulatory System""	""390""	""459""	""Diseases Of Pulmonary Circulation""	""415""	""417""	""Acute pulmonary heart disease""	""41511""	""Iatrogenic pulmonary embolism and infarction""",,,,
"415	""Diseases Of The Circulatory System""	""390""	""459""	""Diseases Of Pulmonary Circulation""	""415""	""417""	""Acute pulmonary heart disease""	""41512""	""Septic pulmonary embolism""",,,,
"415	""Diseases Of The Circulatory System""	""390""	""459""	""Diseases Of Pulmonary Circulation""	""415""	""417""	""Acute pulmonary heart disease""	""41513""	""Saddle embolus of pulmonary artery""",,,,
"415	""Diseases Of The Circulatory System""	""390""	""459""	""Diseases Of Pulmonary Circulation""	""415""	""417""	""Acute pulmonary heart disease""	""41519""	""Other pulmonary embolism and infarction""",,,,
"416	""Diseases Of The Circulatory System""	""390""	""459""	""Diseases Of Pulmonary Circulation""	""415""	""417""	""Chronic pulmonary heart disease""	""4160""	""Primary pulmonary hypertension""",,,,
"416	""Diseases Of The Circulatory System""	""390""	""459""	""Diseases Of Pulmonary Circulation""	""415""	""417""	""Chronic pulmonary heart disease""	""4161""	""Kyphoscoliotic heart disease""",,,,
"416	""Diseases Of The Circulatory System""	""390""	""459""	""Diseases Of Pulmonary Circulation""	""415""	""417""	""Chronic pulmonary heart disease""	""4162""	""Chronic pulmonary embolism""",,,,
"416	""Diseases Of The Circulatory System""	""390""	""459""	""Diseases Of Pulmonary Circulation""	""415""	""417""	""Chronic pulmonary heart disease""	""4168""	""Other chronic pulmonary heart diseases""",,,,
"416	""Diseases Of The Circulatory System""	""390""	""459""	""Diseases Of Pulmonary Circulation""	""415""	""417""	""Chronic pulmonary heart disease""	""4169""	""Chronic pulmonary heart disease"," unspecified""",,,
"434	""Diseases Of The Circulatory System""	""390""	""459""	""Cerebrovascular Disease""	""430""	""438""	""Occlusion of cerebral arteries""	""43400""	""Cerebral thrombosis without mention of cerebral infarction""",,,,
"434	""Diseases Of The Circulatory System""	""390""	""459""	""Cerebrovascular Disease""	""430""	""438""	""Occlusion of cerebral arteries""	""43401""	""Cerebral thrombosis with cerebral infarction""",,,,
"434	""Diseases Of The Circulatory System""	""390""	""459""	""Cerebrovascular Disease""	""430""	""438""	""Occlusion of cerebral arteries""	""43410""	""Cerebral embolism without mention of cerebral infarction""",,,,
"434	""Diseases Of The Circulatory System""	""390""	""459""	""Cerebrovascular Disease""	""430""	""438""	""Occlusion of cerebral arteries""	""43411""	""Cerebral embolism with cerebral infarction""",,,,
"434	""Diseases Of The Circulatory System""	""390""	""459""	""Cerebrovascular Disease""	""430""	""438""	""Occlusion of cerebral arteries""	""43490""	""Cerebral artery occlusion"," unspecified without mention of cerebral infarction""",,,
"434	""Diseases Of The Circulatory System""	""390""	""459""	""Cerebrovascular Disease""	""430""	""438""	""Occlusion of cerebral arteries""	""43491""	""Cerebral artery occlusion"," unspecified with cerebral infarction""",,,
"435	""Diseases Of The Circulatory System""	""390""	""459""	""Cerebrovascular Disease""	""430""	""438""	""Transient cerebral ischemia""	""4350""	""Basilar artery syndrome""",,,,
"435	""Diseases Of The Circulatory System""	""390""	""459""	""Cerebrovascular Disease""	""430""	""438""	""Transient cerebral ischemia""	""4351""	""Vertebral artery syndrome""",,,,
"435	""Diseases Of The Circulatory System""	""390""	""459""	""Cerebrovascular Disease""	""430""	""438""	""Transient cerebral ischemia""	""4352""	""Subclavian steal syndrome""",,,,
"435	""Diseases Of The Circulatory System""	""390""	""459""	""Cerebrovascular Disease""	""430""	""438""	""Transient cerebral ischemia""	""4353""	""Vertebrobasilar artery syndrome""",,,,
"435	""Diseases Of The Circulatory System""	""390""	""459""	""Cerebrovascular Disease""	""430""	""438""	""Transient cerebral ischemia""	""4358""	""Other specified transient cerebral ischemias""",,,,
"435	""Diseases Of The Circulatory System""	""390""	""459""	""Cerebrovascular Disease""	""430""	""438""	""Transient cerebral ischemia""	""4359""	""Unspecified transient cerebral ischemia""",,,,
"438	""Diseases Of The Circulatory System""	""390""	""459""	""Cerebrovascular Disease""	""430""	""438""	""Late effects of cerebrovascular disease""	""4380""	""Late effects of cerebrovascular disease"," cognitive deficits""",,,
"438	""Diseases Of The Circulatory System""	""390""	""459""	""Cerebrovascular Disease""	""430""	""438""	""Late effects of cerebrovascular disease""	""43810""	""Late effects of cerebrovascular disease", speech and language deficit," unspecified""",,
"438	""Diseases Of The Circulatory System""	""390""	""459""	""Cerebrovascular Disease""	""430""	""438""	""Late effects of cerebrovascular disease""	""43811""	""Late effects of cerebrovascular disease"," aphasia""",,,
"438	""Diseases Of The Circulatory System""	""390""	""459""	""Cerebrovascular Disease""	""430""	""438""	""Late effects of cerebrovascular disease""	""43812""	""Late effects of cerebrovascular disease"," dysphasia""",,,
"438	""Diseases Of The Circulatory System""	""390""	""459""	""Cerebrovascular Disease""	""430""	""438""	""Late effects of cerebrovascular disease""	""43813""	""Late effects of cerebrovascular disease"," dysarthria""",,,
"438	""Diseases Of The Circulatory System""	""390""	""459""	""Cerebrovascular Disease""	""430""	""438""	""Late effects of cerebrovascular disease""	""43814""	""Late effects of cerebrovascular disease"," fluency disorder""",,,
"438	""Diseases Of The Circulatory System""	""390""	""459""	""Cerebrovascular Disease""	""430""	""438""	""Late effects of cerebrovascular disease""	""43819""	""Late effects of cerebrovascular disease"," other speech and language deficits""",,,
"438	""Diseases Of The Circulatory System""	""390""	""459""	""Cerebrovascular Disease""	""430""	""438""	""Late effects of cerebrovascular disease""	""43820""	""Late effects of cerebrovascular disease"," hemiplegia affecting unspecified side""",,,
"438	""Diseases Of The Circulatory System""	""390""	""459""	""Cerebrovascular Disease""	""430""	""438""	""Late effects of cerebrovascular disease""	""43821""	""Late effects of cerebrovascular disease"," hemiplegia affecting dominant side""",,,
"438	""Diseases Of The Circulatory System""	""390""	""459""	""Cerebrovascular Disease""	""430""	""438""	""Late effects of cerebrovascular disease""	""43822""	""Late effects of cerebrovascular disease"," hemiplegia affecting nondominant side""",,,
"438	""Diseases Of The Circulatory System""	""390""	""459""	""Cerebrovascular Disease""	""430""	""438""	""Late effects of cerebrovascular disease""	""43830""	""Late effects of cerebrovascular disease"," monoplegia of upper limb affecting unspecified side""",,,
"438	""Diseases Of The Circulatory System""	""390""	""459""	""Cerebrovascular Disease""	""430""	""438""	""Late effects of cerebrovascular disease""	""43831""	""Late effects of cerebrovascular disease"," monoplegia of upper limb affecting dominant side""",,,
"438	""Diseases Of The Circulatory System""	""390""	""459""	""Cerebrovascular Disease""	""430""	""438""	""Late effects of cerebrovascular disease""	""43832""	""Late effects of cerebrovascular disease"," monoplegia of upper limb affecting nondominant side""",,,
"438	""Diseases Of The Circulatory System""	""390""	""459""	""Cerebrovascular Disease""	""430""	""438""	""Late effects of cerebrovascular disease""	""43840""	""Late effects of cerebrovascular disease"," monoplegia of lower limb affecting unspecified side""",,,
"438	""Diseases Of The Circulatory System""	""390""	""459""	""Cerebrovascular Disease""	""430""	""438""	""Late effects of cerebrovascular disease""	""43841""	""Late effects of cerebrovascular disease"," monoplegia of lower limb affecting dominant side""",,,
"438	""Diseases Of The Circulatory System""	""390""	""459""	""Cerebrovascular Disease""	""430""	""438""	""Late effects of cerebrovascular disease""	""43842""	""Late effects of cerebrovascular disease"," monoplegia of lower limb affecting nondominant side""",,,
"438	""Diseases Of The Circulatory System""	""390""	""459""	""Cerebrovascular Disease""	""430""	""438""	""Late effects of cerebrovascular disease""	""43850""	""Late effects of cerebrovascular disease"," other paralytic syndrome affecting unspecified side""",,,
"438	""Diseases Of The Circulatory System""	""390""	""459""	""Cerebrovascular Disease""	""430""	""438""	""Late effects of cerebrovascular disease""	""43851""	""Late effects of cerebrovascular disease"," other paralytic syndrome affecting dominant side""",,,
"438	""Diseases Of The Circulatory System""	""390""	""459""	""Cerebrovascular Disease""	""430""	""438""	""Late effects of cerebrovascular disease""	""43852""	""Late effects of cerebrovascular disease"," other paralytic syndrome affecting nondominant side""",,,
"438	""Diseases Of The Circulatory System""	""390""	""459""	""Cerebrovascular Disease""	""430""	""438""	""Late effects of cerebrovascular disease""	""43853""	""Late effects of cerebrovascular disease", other paralytic syndrome," bilateral""",,
"438	""Diseases Of The Circulatory System""	""390""	""459""	""Cerebrovascular Disease""	""430""	""438""	""Late effects of cerebrovascular disease""	""4386""	""Late effects of cerebrovascular disease"," alterations of sensations""",,,
"438	""Diseases Of The Circulatory System""	""390""	""459""	""Cerebrovascular Disease""	""430""	""438""	""Late effects of cerebrovascular disease""	""4387""	""Late effects of cerebrovascular disease"," disturbances of vision""",,,
"438	""Diseases Of The Circulatory System""	""390""	""459""	""Cerebrovascular Disease""	""430""	""438""	""Late effects of cerebrovascular disease""	""43881""	""Other late effects of cerebrovascular disease"," apraxia""",,,
"438	""Diseases Of The Circulatory System""	""390""	""459""	""Cerebrovascular Disease""	""430""	""438""	""Late effects of cerebrovascular disease""	""43882""	""Other late effects of cerebrovascular disease"," dysphagia""",,,
"438	""Diseases Of The Circulatory System""	""390""	""459""	""Cerebrovascular Disease""	""430""	""438""	""Late effects of cerebrovascular disease""	""43883""	""Other late effects of cerebrovascular disease"," facial weakness""",,,
"438	""Diseases Of The Circulatory System""	""390""	""459""	""Cerebrovascular Disease""	""430""	""438""	""Late effects of cerebrovascular disease""	""43884""	""Other late effects of cerebrovascular disease"," ataxia""",,,
"438	""Diseases Of The Circulatory System""	""390""	""459""	""Cerebrovascular Disease""	""430""	""438""	""Late effects of cerebrovascular disease""	""43885""	""Other late effects of cerebrovascular disease"," vertigo""",,,
"438	""Diseases Of The Circulatory System""	""390""	""459""	""Cerebrovascular Disease""	""430""	""438""	""Late effects of cerebrovascular disease""	""43889""	""Other late effects of cerebrovascular disease""",,,,
"438	""Diseases Of The Circulatory System""	""390""	""459""	""Cerebrovascular Disease""	""430""	""438""	""Late effects of cerebrovascular disease""	""4389""	""Unspecified late effects of cerebrovascular disease""",,,,
"491	""Diseases Of The Respiratory System""	""460""	""519""	""Chronic Obstructive Pulmonary Disease And Allied Conditions""	""490""	""496""	""Chronic bronchitis""	""4910""	""Simple chronic bronchitis""",,,,
"491	""Diseases Of The Respiratory System""	""460""	""519""	""Chronic Obstructive Pulmonary Disease And Allied Conditions""	""490""	""496""	""Chronic bronchitis""	""4911""	""Mucopurulent chronic bronchitis""",,,,
"491	""Diseases Of The Respiratory System""	""460""	""519""	""Chronic Obstructive Pulmonary Disease And Allied Conditions""	""490""	""496""	""Chronic bronchitis""	""49120""	""Obstructive chronic bronchitis without exacerbation""",,,,
"491	""Diseases Of The Respiratory System""	""460""	""519""	""Chronic Obstructive Pulmonary Disease And Allied Conditions""	""490""	""496""	""Chronic bronchitis""	""49121""	""Obstructive chronic bronchitis with (acute) exacerbation""",,,,
"491	""Diseases Of The Respiratory System""	""460""	""519""	""Chronic Obstructive Pulmonary Disease And Allied Conditions""	""490""	""496""	""Chronic bronchitis""	""49122""	""Obstructive chronic bronchitis with acute bronchitis""",,,,
"491	""Diseases Of The Respiratory System""	""460""	""519""	""Chronic Obstructive Pulmonary Disease And Allied Conditions""	""490""	""496""	""Chronic bronchitis""	""4918""	""Other chronic bronchitis""",,,,
"491	""Diseases Of The Respiratory System""	""460""	""519""	""Chronic Obstructive Pulmonary Disease And Allied Conditions""	""490""	""496""	""Chronic bronchitis""	""4919""	""Unspecified chronic bronchitis""",,,,
"492	""Diseases Of The Respiratory System""	""460""	""519""	""Chronic Obstructive Pulmonary Disease And Allied Conditions""	""490""	""496""	""Emphysema""	""4920""	""Emphysematous bleb""",,,,
"492	""Diseases Of The Respiratory System""	""460""	""519""	""Chronic Obstructive Pulmonary Disease And Allied Conditions""	""490""	""496""	""Emphysema""	""4928""	""Other emphysema""",,,,
"493	""Diseases Of The Respiratory System""	""460""	""519""	""Chronic Obstructive Pulmonary Disease And Allied Conditions""	""490""	""496""	""Asthma""	""49300""	""Extrinsic asthma"," unspecified""",,,
"493	""Diseases Of The Respiratory System""	""460""	""519""	""Chronic Obstructive Pulmonary Disease And Allied Conditions""	""490""	""496""	""Asthma""	""49301""	""Extrinsic asthma with status asthmaticus""",,,,
"493	""Diseases Of The Respiratory System""	""460""	""519""	""Chronic Obstructive Pulmonary Disease And Allied Conditions""	""490""	""496""	""Asthma""	""49302""	""Extrinsic asthma with (acute) exacerbation""",,,,
"493	""Diseases Of The Respiratory System""	""460""	""519""	""Chronic Obstructive Pulmonary Disease And Allied Conditions""	""490""	""496""	""Asthma""	""49310""	""Intrinsic asthma"," unspecified""",,,
"493	""Diseases Of The Respiratory System""	""460""	""519""	""Chronic Obstructive Pulmonary Disease And Allied Conditions""	""490""	""496""	""Asthma""	""49311""	""Intrinsic asthma with status asthmaticus""",,,,
"493	""Diseases Of The Respiratory System""	""460""	""519""	""Chronic Obstructive Pulmonary Disease And Allied Conditions""	""490""	""496""	""Asthma""	""49312""	""Intrinsic asthma with (acute) exacerbation""",,,,
"493	""Diseases Of The Respiratory System""	""460""	""519""	""Chronic Obstructive Pulmonary Disease And Allied Conditions""	""490""	""496""	""Asthma""	""49320""	""Chronic obstructive asthma"," unspecified""",,,
"493	""Diseases Of The Respiratory System""	""460""	""519""	""Chronic Obstructive Pulmonary Disease And Allied Conditions""	""490""	""496""	""Asthma""	""49321""	""Chronic obstructive asthma with status asthmaticus""",,,,
"493	""Diseases Of The Respiratory System""	""460""	""519""	""Chronic Obstructive Pulmonary Disease And Allied Conditions""	""490""	""496""	""Asthma""	""49322""	""Chronic obstructive asthma with (acute) exacerbation""",,,,
"493	""Diseases Of The Respiratory System""	""460""	""519""	""Chronic Obstructive Pulmonary Disease And Allied Conditions""	""490""	""496""	""Asthma""	""49381""	""Exercise induced bronchospasm""",,,,
"493	""Diseases Of The Respiratory System""	""460""	""519""	""Chronic Obstructive Pulmonary Disease And Allied Conditions""	""490""	""496""	""Asthma""	""49382""	""Cough variant asthma""",,,,
"493	""Diseases Of The Respiratory System""	""460""	""519""	""Chronic Obstructive Pulmonary Disease And Allied Conditions""	""490""	""496""	""Asthma""	""49390""	""Asthma", unspecified type," unspecified""",,
"493	""Diseases Of The Respiratory System""	""460""	""519""	""Chronic Obstructive Pulmonary Disease And Allied Conditions""	""490""	""496""	""Asthma""	""49391""	""Asthma", unspecified type," with status asthmaticus""",,
"493	""Diseases Of The Respiratory System""	""460""	""519""	""Chronic Obstructive Pulmonary Disease And Allied Conditions""	""490""	""496""	""Asthma""	""49392""	""Asthma", unspecified type," with (acute) exacerbation""",,
"496	""Diseases Of The Respiratory System""	""460""	""519""	""Chronic Obstructive Pulmonary Disease And Allied Conditions""	""490""	""496""	""Chronic airway obstruction"," not elsewhere classified""	""496""	""Chronic airway obstruction"," not elsewhere classified""",,
"571	""Diseases Of The Digestive System""	""520""	""579""	""Other Diseases Of Digestive System""	""570""	""579""	""Chronic liver disease and cirrhosis""	""5710""	""Alcoholic fatty liver""",,,,
"571	""Diseases Of The Digestive System""	""520""	""579""	""Other Diseases Of Digestive System""	""570""	""579""	""Chronic liver disease and cirrhosis""	""5711""	""Acute alcoholic hepatitis""",,,,
"571	""Diseases Of The Digestive System""	""520""	""579""	""Other Diseases Of Digestive System""	""570""	""579""	""Chronic liver disease and cirrhosis""	""5712""	""Alcoholic cirrhosis of liver""",,,,
"571	""Diseases Of The Digestive System""	""520""	""579""	""Other Diseases Of Digestive System""	""570""	""579""	""Chronic liver disease and cirrhosis""	""5713""	""Alcoholic liver damage"," unspecified""",,,
"571	""Diseases Of The Digestive System""	""520""	""579""	""Other Diseases Of Digestive System""	""570""	""579""	""Chronic liver disease and cirrhosis""	""57140""	""Chronic hepatitis"," unspecified""",,,
"571	""Diseases Of The Digestive System""	""520""	""579""	""Other Diseases Of Digestive System""	""570""	""579""	""Chronic liver disease and cirrhosis""	""57141""	""Chronic persistent hepatitis""",,,,
"571	""Diseases Of The Digestive System""	""520""	""579""	""Other Diseases Of Digestive System""	""570""	""579""	""Chronic liver disease and cirrhosis""	""57142""	""Autoimmune hepatitis""",,,,
"571	""Diseases Of The Digestive System""	""520""	""579""	""Other Diseases Of Digestive System""	""570""	""579""	""Chronic liver disease and cirrhosis""	""57149""	""Other chronic hepatitis""",,,,
"571	""Diseases Of The Digestive System""	""520""	""579""	""Other Diseases Of Digestive System""	""570""	""579""	""Chronic liver disease and cirrhosis""	""5715""	""Cirrhosis of liver without mention of alcohol""",,,,
"571	""Diseases Of The Digestive System""	""520""	""579""	""Other Diseases Of Digestive System""	""570""	""579""	""Chronic liver disease and cirrhosis""	""5716""	""Biliary cirrhosis""",,,,
"571	""Diseases Of The Digestive System""	""520""	""579""	""Other Diseases Of Digestive System""	""570""	""579""	""Chronic liver disease and cirrhosis""	""5718""	""Other chronic nonalcoholic liver disease""",,,,
"571	""Diseases Of The Digestive System""	""520""	""579""	""Other Diseases Of Digestive System""	""570""	""579""	""Chronic liver disease and cirrhosis""	""5719""	""Unspecified chronic liver disease without mention of alcohol""",,,,
"584	""Diseases Of The Genitourinary System""	""580""	""629""	""Nephritis", Nephrotic Syndrome," And Nephrosis""	""580""	""589""	""Acute kidney failure""	""5845""	""Acute kidney failure with lesion of tubular necrosis""",,
"584	""Diseases Of The Genitourinary System""	""580""	""629""	""Nephritis", Nephrotic Syndrome," And Nephrosis""	""580""	""589""	""Acute kidney failure""	""5846""	""Acute kidney failure with lesion of renal cortical necrosis""",,
"584	""Diseases Of The Genitourinary System""	""580""	""629""	""Nephritis", Nephrotic Syndrome," And Nephrosis""	""580""	""589""	""Acute kidney failure""	""5847""	""Acute kidney failure with lesion of renal medullary [papillary] necrosis""",,
"584	""Diseases Of The Genitourinary System""	""580""	""629""	""Nephritis", Nephrotic Syndrome," And Nephrosis""	""580""	""589""	""Acute kidney failure""	""5848""	""Acute kidney failure with other specified pathological lesion in kidney""",,
"584	""Diseases Of The Genitourinary System""	""580""	""629""	""Nephritis", Nephrotic Syndrome," And Nephrosis""	""580""	""589""	""Acute kidney failure""	""5849""	""Acute kidney failure"," unspecified""",
"585	""Diseases Of The Genitourinary System""	""580""	""629""	""Nephritis", Nephrotic Syndrome," And Nephrosis""	""580""	""589""	""Chronic kidney disease (CKD)""	""5851""	""Chronic kidney disease"," Stage I""",
"585	""Diseases Of The Genitourinary System""	""580""	""629""	""Nephritis", Nephrotic Syndrome," And Nephrosis""	""580""	""589""	""Chronic kidney disease (CKD)""	""5852""	""Chronic kidney disease"," Stage II (mild)""",
"585	""Diseases Of The Genitourinary System""	""580""	""629""	""Nephritis", Nephrotic Syndrome," And Nephrosis""	""580""	""589""	""Chronic kidney disease (CKD)""	""5853""	""Chronic kidney disease"," Stage III (moderate)""",
"585	""Diseases Of The Genitourinary System""	""580""	""629""	""Nephritis", Nephrotic Syndrome," And Nephrosis""	""580""	""589""	""Chronic kidney disease (CKD)""	""5854""	""Chronic kidney disease"," Stage IV (severe)""",
"585	""Diseases Of The Genitourinary System""	""580""	""629""	""Nephritis", Nephrotic Syndrome," And Nephrosis""	""580""	""589""	""Chronic kidney disease (CKD)""	""5855""	""Chronic kidney disease"," Stage V""",
"585	""Diseases Of The Genitourinary System""	""580""	""629""	""Nephritis", Nephrotic Syndrome," And Nephrosis""	""580""	""589""	""Chronic kidney disease (CKD)""	""5856""	""End stage renal disease""",,
"585	""Diseases Of The Genitourinary System""	""580""	""629""	""Nephritis", Nephrotic Syndrome," And Nephrosis""	""580""	""589""	""Chronic kidney disease (CKD)""	""5859""	""Chronic kidney disease"," unspecified""",
